Size,Malignant
3.7886284734303186,0
2.4365098505119893,0
2.0964974680720085,0
0.1365072966355092,0
1.722611797485601,0
1.6452410207310133,0
4.91725851851754,1
4.372999323176153,1
4.956181831024072,1
4.522781969640497,1
3.686135246637318,1
5.884622380499585,1
